{
  "HTTP Request-1" : {
    "transaction" : "HTTP Request-1",
    "sampleCount" : 1000,
    "errorCount" : 0,
    "errorPct" : 0.0,
    "meanResTime" : 3.2369999999999988,
    "medianResTime" : 3.0,
    "minResTime" : 0.0,
    "maxResTime" : 42.0,
    "pct1ResTime" : 5.0,
    "pct2ResTime" : 6.0,
    "pct3ResTime" : 9.0,
    "throughput" : 3.337349276963279,
    "receivedKBytesPerSec" : 2.731151068452371,
    "sentKBytesPerSec" : 1.1993598964086785
  },
  "Total" : {
    "transaction" : "Total",
    "sampleCount" : 3000,
    "errorCount" : 0,
    "errorPct" : 0.0,
    "meanResTime" : 5.164666666666669,
    "medianResTime" : 4.0,
    "minResTime" : 0.0,
    "maxResTime" : 73.0,
    "pct1ResTime" : 9.0,
    "pct2ResTime" : 10.0,
    "pct3ResTime" : 17.0,
    "throughput" : 10.011279374762232,
    "receivedKBytesPerSec" : 6.817576970052927,
    "sentKBytesPerSec" : 4.790553607063959
  },
  "HTTP Request-0" : {
    "transaction" : "HTTP Request-0",
    "sampleCount" : 1000,
    "errorCount" : 0,
    "errorPct" : 0.0,
    "meanResTime" : 4.391000000000002,
    "medianResTime" : 4.0,
    "minResTime" : 1.0,
    "maxResTime" : 37.0,
    "pct1ResTime" : 6.0,
    "pct2ResTime" : 7.0,
    "pct3ResTime" : 16.970000000000027,
    "throughput" : 3.3371376702774493,
    "receivedKBytesPerSec" : 0.6778560892751069,
    "sentKBytesPerSec" : 1.196024926749828
  },
  "HTTP Request" : {
    "transaction" : "HTTP Request",
    "sampleCount" : 1000,
    "errorCount" : 0,
    "errorPct" : 0.0,
    "meanResTime" : 7.866000000000006,
    "medianResTime" : 7.0,
    "minResTime" : 2.0,
    "maxResTime" : 73.0,
    "pct1ResTime" : 11.0,
    "pct2ResTime" : 13.0,
    "pct3ResTime" : 22.0,
    "throughput" : 3.3370931249207443,
    "receivedKBytesPerSec" : 3.4087884850264634,
    "sentKBytesPerSec" : 2.3952768035319796
  }
}